treatment;noIntroEvent;entryPoint_1;firstIntro;size;event1_time;event1_size;event2_time;event2_size;event3_time;event3_size;probEstablish;reps
A101m;one;1;101;13;101;13;0;0;0;0;1,0000000000000000;29
A105s;one;1;105;19;105;19;0;0;0;0;1,0000000000000000;30
A10p;one;1;10;16;10;16;0;0;0;0;1,0000000000000000;30
A112r;one;1;112;18;112;18;0;0;0;0;1,0000000000000000;30
A113c;one;1;113;3;113;3;0;0;0;0;0,3333333333333333;30
A114t;one;1;114;20;114;20;0;0;0;0;1,0000000000000000;30
A120i;one;1;120;9;120;9;0;0;0;0;0,8333333333333334;30
A123f;one;1;123;6;123;6;0;0;0;0;0,7666666666666667;30
A123q;one;1;123;17;123;17;0;0;0;0;1,0000000000000000;29
A126a;one;1;126;1;126;1;0;0;0;0;0,0000000000000000;50
A126t;one;1;126;20;126;20;0;0;0;0;1,0000000000000000;30
A130n;one;1;130;14;130;14;0;0;0;0;0,9666666666666667;30
A137r;one;1;137;18;137;18;0;0;0;0;1,0000000000000000;30
A145h;one;1;145;8;145;8;0;0;0;0;0,9333333333333333;30
A148i;one;1;148;9;148;9;0;0;0;0;0,9333333333333333;30
A154n;one;1;154;14;154;14;0;0;0;0;1,0000000000000000;30
A158o;one;1;158;15;158;15;0;0;0;0;1,0000000000000000;30
A164o;one;1;164;15;164;15;0;0;0;0;1,0000000000000000;30
A168f;one;1;168;6;168;6;0;0;0;0;0,6600000000000000;50
A168r;one;1;168;18;168;18;0;0;0;0;0,9666666666666667;30
A175d;one;1;175;4;175;4;0;0;0;0;0,4000000000000000;30
A177n;one;1;177;14;177;14;0;0;0;0;1,0000000000000000;30
A178j;one;1;178;10;178;10;0;0;0;0;0,9666666666666667;30
A181s;one;1;181;19;181;19;0;0;0;0;1,0000000000000000;30
A184c;one;1;184;3;184;3;0;0;0;0;0,2333333333333333;30
A187s;one;1;187;19;187;19;0;0;0;0;1,0000000000000000;30
A196l;one;1;196;12;196;12;0;0;0;0;1,0000000000000000;30
A198m;one;1;198;13;198;13;0;0;0;0;0,9655172413793104;29
A19i;one;1;19;9;19;9;0;0;0;0;0,9000000000000000;30
A202l;one;1;202;12;202;12;0;0;0;0;0,9666666666666667;30
A207b;one;1;207;2;207;2;0;0;0;0;0,1200000000000000;50
A208q;one;1;208;17;208;17;0;0;0;0;1,0000000000000000;29
A210f;one;1;210;6;210;6;0;0;0;0;0,7666666666666667;30
A213m;one;1;213;13;213;13;0;0;0;0;0,9666666666666667;30
A216d;one;1;216;4;216;4;0;0;0;0;0,5000000000000000;30
A218t;one;1;218;20;218;20;0;0;0;0;1,0000000000000000;30
A222p;one;1;222;16;222;16;0;0;0;0;1,0000000000000000;30
A227e;one;1;227;5;227;5;0;0;0;0;0,6333333333333333;30
A228o;one;1;228;15;228;15;0;0;0;0;1,0000000000000000;30
A22r;one;1;22;18;22;18;0;0;0;0;1,0000000000000000;30
A235r;one;1;235;18;235;18;0;0;0;0;1,0000000000000000;30
A236b;one;1;236;2;236;2;0;0;0;0;0,1400000000000000;50
A240i;one;1;240;9;240;9;0;0;0;0;0,8666666666666667;30
A242c;one;1;242;3;242;3;0;0;0;0;0,2333333333333333;30
A244o;one;1;244;15;244;15;0;0;0;0;1,0000000000000000;30
A245g;one;1;245;7;245;7;0;0;0;0;0,7666666666666667;30
A24o;one;1;24;15;24;15;0;0;0;0;1,0000000000000000;30
A250r;one;1;250;18;250;18;0;0;0;0;1,0000000000000000;30
A252f;one;1;252;6;252;6;0;0;0;0;0,8000000000000000;30
A255q;one;1;255;17;255;17;0;0;0;0;0,9666666666666667;30
A256i;one;1;256;9;256;9;0;0;0;0;0,9333333333333333;30
A263n;one;1;263;14;263;14;0;0;0;0;1,0000000000000000;30
A271n;one;1;271;14;271;14;0;0;0;0;1,0000000000000000;30
A276o;one;1;276;15;276;15;0;0;0;0;1,0000000000000000;30
A284k;one;1;284;11;284;11;0;0;0;0;1,0000000000000000;30
A290c;one;1;290;3;290;3;0;0;0;0;0,2666666666666667;30
A293h;one;1;293;8;293;8;0;0;0;0;0,8800000000000000;50
A296q;one;1;296;17;296;17;0;0;0;0;1,0000000000000000;30
A298e;one;1;298;5;298;5;0;0;0;0;0,7000000000000000;30
A29j;one;1;29;10;29;10;0;0;0;0;1,0000000000000000;50
A304f;one;1;304;6;304;6;0;0;0;0;0,8333333333333334;30
A311t;one;1;311;20;311;20;0;0;0;0;1,0000000000000000;30
A315k;one;1;315;11;315;11;0;0;0;0;1,0000000000000000;30
A324n;one;1;324;14;324;14;0;0;0;0;0,9666666666666667;30
A327r;one;1;327;18;327;18;0;0;0;0;1,0000000000000000;30
A331p;one;1;331;16;331;16;0;0;0;0;1,0000000000000000;30
A332c;one;1;332;3;332;3;0;0;0;0;0,4000000000000000;30
A334q;one;1;334;17;334;17;0;0;0;0;1,0000000000000000;30
A336k;one;1;336;11;336;11;0;0;0;0;1,0000000000000000;30
A338q;one;1;338;17;338;17;0;0;0;0;1,0000000000000000;30
A344h;one;1;344;8;344;8;0;0;0;0;0,8666666666666667;30
A344s;one;1;344;19;344;19;0;0;0;0;0,9666666666666667;30
A349d;one;1;349;4;349;4;0;0;0;0;0,4333333333333333;30
A354g;one;1;354;7;354;7;0;0;0;0;0,8666666666666667;30
A356p;one;1;356;16;356;16;0;0;0;0;0,9666666666666667;30
A357h;one;1;357;8;357;8;0;0;0;0;0,7666666666666667;30
A362e;one;1;362;5;362;5;0;0;0;0;0,6000000000000000;30
A36q;one;1;36;17;36;17;0;0;0;0;1,0000000000000000;32
A41e;one;1;41;5;41;5;0;0;0;0;0,7000000000000000;30
A43s;one;1;43;19;43;19;0;0;0;0;1,0000000000000000;30
A45i;one;1;45;9;45;9;0;0;0;0;0,9666666666666667;30
A45o;one;1;45;15;45;15;0;0;0;0;0,9666666666666667;30
A4s;one;1;4;19;4;19;0;0;0;0;1,0000000000000000;30
A51e;one;1;51;5;51;5;0;0;0;0;0,6333333333333333;30
A57q;one;1;57;17;57;17;0;0;0;0;1,0000000000000000;30
A60a;one;1;60;1;60;1;0;0;0;0;0,0000000000000000;50
A61m;one;1;61;13;61;13;0;0;0;0;1,0000000000000000;29
A66l;one;1;66;12;66;12;0;0;0;0;1,0000000000000000;50
A68e;one;1;68;5;68;5;0;0;0;0;0,6000000000000000;30
A72r;one;1;72;18;72;18;0;0;0;0;1,0000000000000000;30
A73h;one;1;73;8;73;8;0;0;0;0;0,9000000000000000;30
A75g;one;1;75;7;75;7;0;0;0;0;0,8000000000000000;30
A7c;one;1;7;3;7;3;0;0;0;0;0,4333333333333333;30
A80k;one;1;80;11;80;11;0;0;0;0;1,0000000000000000;30
A82n;one;1;82;14;82;14;0;0;0;0;1,0000000000000000;30
A88d;one;1;88;4;88;4;0;0;0;0;0,5200000000000000;50
A89p;one;1;89;16;89;16;0;0;0;0;1,0000000000000000;30
A95b;one;1;95;2;95;2;0;0;0;0;0,2000000000000000;50
A98p;one;1;98;16;98;16;0;0;0;0;1,0000000000000000;30
A99k;one;1;99;11;99;11;0;0;0;0;0,9666666666666667;30
Ac123a640b;two;1;123;3;123;1;640;2;0;0;0,4000000000000000;30
Ac148b352a;two;1;148;3;148;2;352;1;0;0;0,3000000000000000;30
Ac219a236a571a;three;1;219;3;219;1;236;1;571;1;0,2000000000000000;30
Ac223b288a;two;1;223;3;223;2;288;1;0;0;0,3000000000000000;30
Ac234a260b;two;1;234;3;234;1;260;2;0;0;0,3333333333333333;30
Ac273b458a;two;1;273;3;273;2;458;1;0;0;0,3448275862068966;29
Ac332a440b;two;1;332;3;332;1;440;2;0;0;0,1379310344827586;29
Ac34a498a281a;three;1;34;3;34;1;498;1;281;1;0,2000000000000000;30
Ac43a397b;two;1;43;3;43;1;397;2;0;0;0,4827586206896552;29
Ac78b20a;two;1;20;3;78;2;20;1;0;0;0,2666666666666667;30
Ad12a322b203a;three;1;12;4;12;1;322;2;203;1;0,5333333333333333;30
Ad134a641b321a;three;1;134;4;134;1;641;2;321;1;0,2333333333333333;30
Ad13c322a;two;1;13;4;13;3;322;1;0;0;0,5000000000000000;30
Ad147a354b74a;three;1;74;4;147;1;354;2;74;1;0,5666666666666667;30
Ad151b456b;two;1;151;4;151;2;456;2;0;0;0,5333333333333333;30
Ad17a396b622a;three;1;17;4;17;1;396;2;622;1;0,4000000000000000;30
Ad222a3b153a;three;1;3;4;222;1;3;2;153;1;0,4827586206896552;29
Ad234a260b671a;three;1;234;4;234;1;260;2;671;1;0,4666666666666667;30
Ad273a460b341a;three;1;273;4;273;1;460;2;341;1;0,3333333333333333;30
Ad31a289b393a;three;1;31;4;31;1;289;2;393;1;0,4827586206896552;29
Ad331a438b345a;three;1;331;4;331;1;438;2;345;1;0,4333333333333333;30
Ad363a266c;two;1;266;4;363;1;266;3;0;0;0,5600000000000001;50
Ad52c502a;two;1;52;4;52;3;502;1;0;0;0,6666666666666666;30
Ae125a700b20b;three;1;20;5;125;1;700;2;20;2;0,4666666666666667;30
Ae126d697a;two;1;126;5;126;4;697;1;0;0;0,6333333333333333;30
Ae152a457b703b;three;1;152;5;152;1;457;2;703;2;0,4482758620689655;29
Ae164a544d;two;1;164;5;164;1;544;4;0;0;0,5333333333333333;30
Ae175d72a;two;1;72;5;175;4;72;1;0;0;0,7666666666666667;30
Ae179a103b304b;three;1;103;5;179;1;103;2;304;2;0,7333333333333333;30
Ae245d644a;two;1;245;5;245;4;644;1;0;0;0,5333333333333333;30
Ae276d285a;two;1;276;5;276;4;285;1;0;0;0,7000000000000000;30
Ae30c617b;two;1;30;5;30;3;617;2;0;0;0,6000000000000000;30
Ae322a265b472b;three;1;265;5;322;1;265;2;472;2;0,5666666666666667;30
Ae93b688c;two;1;93;5;93;2;688;3;0;0;0,4666666666666667;30
Af123a136e;two;1;123;6;123;1;136;5;0;0;0,7500000000000000;28
Af165b541b129b;three;1;129;6;165;2;541;2;129;2;0,6333333333333333;30
Af175a73c329b;three;1;73;6;175;1;73;3;329;2;0,7333333333333333;30
Af223a618c504b;three;1;223;6;223;1;618;3;504;2;0,6666666666666666;30
Af246a645c98b;three;1;98;6;246;1;645;3;98;2;0,7666666666666667;30
Af275a282c115b;three;1;115;6;275;1;282;3;115;2;0,8666666666666667;30
Af299d691b;two;1;299;6;299;4;691;2;0;0;0,7666666666666667;30
Af302b251d;two;1;251;6;302;2;251;4;0;0;0,7959183673469388;49
Af353b423d;two;1;353;6;353;2;423;4;0;0;0,6666666666666666;30
Af7b296d;two;1;7;6;7;2;296;4;0;0;0,6666666666666666;30
Af83b278b24b;three;1;24;6;83;2;278;2;24;2;0,8333333333333334;30
Af93b688b458b;three;1;93;6;93;2;688;2;458;2;0,6333333333333333;30
Ag107d148b406a;three;1;107;7;107;4;148;2;406;1;0,8666666666666667;30
Ag166a511c598c;three;1;166;7;166;1;511;3;598;3;0,6000000000000000;30
Ag203b159e;two;1;159;7;203;2;159;5;0;0;0,8666666666666667;30
Ag204a301c719c;three;1;204;7;204;1;301;3;719;3;0,7000000000000000;30
Ag239a426c508c;three;1;239;7;239;1;426;3;508;3;0,7333333333333333;30
Ag239a427f;two;1;239;7;239;1;427;6;0;0;0,8666666666666667;30
Ag298a252c198c;three;1;198;7;298;1;252;3;198;3;0,9000000000000000;30
Ag301a68f;two;1;68;7;301;1;68;6;0;0;0,7333333333333333;30
Ag302c693b524b;three;1;302;7;302;3;693;2;524;2;0,7000000000000000;30
Ag313f34a;two;1;34;7;313;6;34;1;0;0;0,9000000000000000;30
Ag337a554c284c;three;1;284;7;337;1;554;3;284;3;0,7666666666666667;30
Ag360c586d;two;1;360;7;360;3;586;4;0;0;0,7000000000000000;30
Ag74b44c402b;three;1;44;7;74;2;44;3;402;2;0,8333333333333334;30
Ah124a586d526c;three;1;124;8;124;1;586;4;526;3;0,7000000000000000;30
Ah169b8c137c;three;1;8;8;169;2;8;3;137;3;0,8666666666666667;30
Ah250e347c;two;1;250;8;250;5;347;3;0;0;0,8666666666666667;30
Ah300b67c593c;three;1;67;8;300;2;67;3;593;3;0,8666666666666667;30
Ah312d34b163b;three;1;34;8;312;4;34;2;163;2;1,0000000000000000;30
Ah95a63d656c;three;1;63;8;95;1;63;4;656;3;0,8000000000000000;30
Ah95g429a;two;1;95;8;95;7;429;1;0;0;0,8666666666666667;30
Ai110g9b;two;1;9;9;110;7;9;2;0;0;0,9000000000000000;30
Ai129d533e;two;1;129;9;129;4;533;5;0;0;0,7000000000000000;30
Ai163a277h;two;1;163;9;163;1;277;8;0;0;0,9000000000000000;30
Ai338f185c;two;1;185;9;338;6;185;3;0;0;0,9333333333333333;30
Ai342a125e631c;three;1;125;9;342;1;125;5;631;3;0,8666666666666667;30
Ai350e344b292b;three;1;292;9;350;5;344;2;292;2;0,9666666666666667;30
Ai5g127b;two;1;5;9;5;7;127;2;0;0;0,9800000000000000;50
Ai91d196e;two;1;91;9;91;4;196;5;0;0;0,9333333333333333;30
Aj111a661e461d;three;1;111;10;111;1;661;5;461;4;0,9000000000000000;30
Aj11a384e537d;three;1;11;10;11;1;384;5;537;4;0,9333333333333333;30
Aj128e536c276b;three;1;128;10;128;5;536;3;276;2;0,9666666666666667;30
Aj140a386i;two;1;140;10;140;1;386;9;0;0;1,0000000000000000;30
Aj140b638e505c;three;1;140;10;140;2;638;5;505;3;0,8333333333333334;30
Aj163a670e383d;three;1;163;10;163;1;670;5;383;4;0,8333333333333334;30
Aj180b100h;two;1;100;10;180;2;100;8;0;0;0,9333333333333333;30
Aj189g33c;two;1;33;10;189;7;33;3;0;0;1,0000000000000000;30
Aj237b636h;two;1;237;10;237;2;636;8;0;0;0,7800000000000000;50
Aj248i557a;two;1;248;10;248;9;557;1;0;0;0,9333333333333333;30
Aj322h237b;two;1;237;10;322;8;237;2;0;0;0,9666666666666667;30
Aj338g183b643a;three;1;183;10;338;7;183;2;643;1;0,9666666666666667;30
Aj33d130c590c;three;1;33;10;33;4;130;3;590;3;0,8666666666666667;30
Ak177a356f725d;three;1;177;11;177;1;356;6;725;4;1,0000000000000000;30
Ak177j357a;two;1;177;11;177;10;357;1;0;0;1,0000000000000000;30
Ak190h16b486a;three;1;16;11;190;8;16;2;486;1;0,9666666666666667;30
Ak248a556f103d;three;1;103;11;248;1;556;6;103;4;0,8666666666666667;30
Ak336b553i;two;1;336;11;336;2;553;9;0;0;0,7666666666666667;30
Ak340j551a;two;1;340;11;340;10;551;1;0;0;0,9800000000000000;50
Ak35b498i;two;1;35;11;35;2;498;9;0;0;0,9333333333333333;30
Ak49j433a;two;1;49;11;49;10;433;1;0;0;1,0000000000000000;30
Al106g706e;two;1;106;12;106;7;706;5;0;0;0,9666666666666667;30
Al123a133f543e;three;1;123;12;123;1;133;6;543;5;0,9666666666666667;30
Al19d183h;two;1;19;12;19;4;183;8;0;0;1,0000000000000000;30
Al222k279a;two;1;222;12;222;11;279;1;0;0;1,0000000000000000;30
Al226k232a;two;1;226;12;226;11;232;1;0;0;1,0000000000000000;25
Al233a226k;two;1;226;12;233;1;226;11;0;0;1,0000000000000000;30
Al234a227f613e;three;1;227;12;234;1;227;6;613;5;0,8666666666666667;30
Al253a631f57e;three;1;57;12;253;1;631;6;57;5;0,8000000000000000;30
Al287d677e551c;three;1;287;12;287;4;677;5;551;3;0,9000000000000000;30
Al326c713i;two;1;326;12;326;3;713;9;0;0;0,9666666666666667;30
Al326c714e252d;three;1;252;12;326;3;714;5;252;4;0,9333333333333333;30
Al356e420d119c;three;1;119;12;356;5;420;4;119;3;0,9666666666666667;30
Al49e432d713c;three;1;49;12;49;5;432;4;713;3;0,9666666666666667;30
Al62h572d;two;1;62;12;62;8;572;4;0;0;0,9666666666666667;30
Al62h573b496b;three;1;62;12;62;8;573;2;496;2;0,9000000000000000;30
Al8d181e95c;three;1;8;12;8;4;181;5;95;3;1,0000000000000000;30
Am106a705g354e;three;1;106;13;106;1;705;7;354;5;0,9000000000000000;30
Am133a685l;two;1;133;13;133;1;685;12;0;0;0,9000000000000000;30
Am18d683e215d;three;1;18;13;18;4;683;5;215;4;1,0000000000000000;25
Am221f138d683c;three;1;138;13;221;6;138;4;683;3;0,9666666666666667;30
Am280b322f532e;three;1;280;13;280;2;322;6;532;5;0,9666666666666667;30
Am292c398f81d;three;1;81;13;292;3;398;6;81;4;1,0000000000000000;30
Am292c398j;two;1;292;13;292;3;398;10;0;0;1,0000000000000000;30
Am2k373b;two;1;2;13;2;11;373;2;0;0;1,0000000000000000;30
Am363i413d;two;1;363;13;363;9;413;4;0;0;0,9666666666666667;30
Am39d329i;two;1;39;13;39;4;329;9;0;0;0,9655172413793104;29
Am72a341l;two;1;72;13;72;1;341;12;0;0;0,9666666666666667;30
Am78g20c158c;three;1;20;13;78;7;20;3;158;3;1,0000000000000000;30
An1k374b640a;three;1;1;14;1;11;374;2;640;1;1,0000000000000000;30
An206j540b519b;three;1;206;14;206;10;540;2;519;2;1,0000000000000000;29
An206j725d;two;1;206;14;206;10;725;4;0;0;0,9666666666666667;30
An250a152g239f;three;1;152;14;250;1;152;7;239;6;1,0000000000000000;30
An350g154g;two;1;154;14;350;7;154;7;0;0;1,0000000000000000;30
An41d328f268d;three;1;41;14;41;4;328;6;268;4;1,0000000000000000;29
An98b178l;two;1;98;14;98;2;178;12;0;0;1,0000000000000000;30
Ao187b570g701f;three;1;187;15;187;2;570;7;701;6;0,9333333333333333;30
Ao188b567m;two;1;188;15;188;2;567;13;0;0;0,8666666666666667;30
Ao219c27l;two;1;27;15;219;3;27;12;0;0;1,0000000000000000;30
Ao312c144l;two;1;144;15;312;3;144;12;0;0;1,0000000000000000;30
Ao351h513d512c;three;1;351;15;351;8;513;4;512;3;0,9666666666666667;30
Ao352h512g;two;1;352;15;352;8;512;7;0;0;1,0000000000000000;30
Ao48c594l;two;1;48;15;48;3;594;12;0;0;0,9666666666666667;30
Ao48c710g387e;three;1;48;15;48;3;710;7;387;5;0,9666666666666667;30
Ao71c29g209e;three;1;29;15;71;3;29;7;209;5;0,9666666666666667;30
Ao80a85h237f;three;1;80;15;80;1;85;8;237;6;1,0000000000000000;30
Ao80h87g;two;1;80;15;80;8;87;7;0;0;1,0000000000000000;30
Ao99a177h217f;three;1;99;15;99;1;177;8;217;6;0,9333333333333333;30
Ap128l462d;two;1;128;16;128;12;462;4;0;0;1,0000000000000000;30
Ap128l464b128b;three;1;128;16;128;12;464;2;128;2;1,0000000000000000;30
Ap156n598b;two;1;156;16;156;14;598;2;0;0;1,0000000000000000;30
Ap157i598d188c;three;1;157;16;157;9;598;4;188;3;1,0000000000000000;30
Ap179g702i;two;1;179;16;179;7;702;9;0;0;0,9000000000000000;30
Ap24j681f;two;1;24;16;24;10;681;6;0;0;1,0000000000000000;29
Ap24j682c651c;three;1;24;16;24;10;682;3;651;3;1,0000000000000000;30
Ap259i491d124c;three;1;124;16;259;9;491;4;124;3;1,0000000000000000;30
Ap259i492g;two;1;259;16;259;9;492;7;0;0;1,0000000000000000;30
Ap266g156e166d;three;1;156;16;266;7;156;5;166;4;1,0000000000000000;30
Ap311c144g91f;three;1;91;16;311;3;144;7;91;6;0,9333333333333333;30
Ap38b525n;two;1;38;16;38;2;525;14;0;0;0,9666666666666667;30
Ap39b525h248f;three;1;39;16;39;2;525;8;248;6;0,9666666666666667;30
Ap96n105b;two;1;96;16;96;14;105;2;0;0;1,0000000000000000;30
Ap97j104c711c;three;1;97;16;97;10;104;3;711;3;1,0000000000000000;30
Aq200e143l;two;1;143;17;200;5;143;12;0;0;1,0000000000000000;30
Aq208l59e;two;1;59;17;208;12;59;5;0;0;1,0000000000000000;30
Aq26g240j;two;1;26;17;26;7;240;10;0;0;1,0000000000000000;30
Aq277a316i16g;three;1;16;17;277;1;316;9;16;7;1,0000000000000000;30
Aq277p317a;two;1;277;17;277;16;317;1;0;0;1,0000000000000000;30
Aq329f484k;two;1;329;17;329;6;484;11;0;0;1,0000000000000000;30
Aq330f484f413e;three;1;330;17;330;6;484;6;413;5;1,0000000000000000;30
Aq335a311i378g;three;1;311;17;335;1;311;9;378;7;1,0000000000000000;30
Aq335a312p;two;1;312;17;335;1;312;16;0;0;1,0000000000000000;30
Aq91h196e179d;three;1;91;17;91;8;196;5;179;4;1,0000000000000000;30
Ar103f74l;two;1;74;18;103;6;74;12;0;0;1,0000000000000000;30
Ar103f76g333e;three;1;76;18;103;6;76;7;333;5;1,0000000000000000;30
Ar118q373a;two;1;118;18;118;17;373;1;0;0;1,0000000000000000;30
Ar195b532p;two;1;195;18;195;2;532;16;0;0;1,0000000000000000;30
Ar195l532c647c;three;1;195;18;195;12;532;3;647;3;0,9666666666666667;30
Ar201e140g443f;three;1;140;18;201;5;140;7;443;6;1,0000000000000000;30
Ar344i259e682d;three;1;259;18;344;9;259;5;682;4;1,0000000000000000;30
Ar345i258i;two;1;258;18;345;9;258;9;0;0;1,0000000000000000;30
Ar58h613j;two;1;58;18;58;8;613;10;0;0;1,0000000000000000;30
Ar59h612f66d;three;1;59;18;59;8;612;6;66;4;1,0000000000000000;30
Ar72a343j359g;three;1;72;18;72;1;343;10;359;7;1,0000000000000000;30
Ar85m380e;two;1;85;18;85;13;380;5;0;0;1,0000000000000000;30
Ar86m378c679b;three;1;86;18;86;13;378;3;679;2;1,0000000000000000;30
As115j66e263d;three;1;66;19;115;10;66;5;263;4;1,0000000000000000;30
As115j66i;two;1;66;19;115;10;66;9;0;0;1,0000000000000000;30
As168p360b412a;three;1;168;19;168;16;360;2;412;1;1,0000000000000000;30
As202e159h224f;three;1;159;19;202;5;159;8;224;6;1,0000000000000000;30
As204m301f;two;1;204;19;204;13;301;6;0;0;1,0000000000000000;30
As212c339p;two;1;212;19;212;3;339;16;0;0;1,0000000000000000;30
As212c697i302g;three;1;212;19;212;3;697;9;302;7;1,0000000000000000;30
As254h631k;two;1;254;19;254;8;631;11;0;0;1,0000000000000000;30
As271a210j446h;three;1;210;19;271;1;210;10;446;8;1,0000000000000000;30
As271r210a;two;1;210;19;271;18;210;1;0;0;0,9666666666666667;30
As291o530d;two;1;291;19;291;15;530;4;0;0;1,0000000000000000;30
As365o528b424b;three;1;365;19;365;15;528;2;424;2;1,0000000000000000;30
At119a371k399h;three;1;119;20;119;1;371;11;399;8;1,0000000000000000;30
At168p361d;two;1;168;20;168;16;361;4;0;0;1,0000000000000000;30
At190b366r;two;1;190;20;190;2;366;18;0;0;1,0000000000000000;30
At190b367j616h;three;1;190;20;190;2;367;10;616;8;1,0000000000000000;30
At221j138j;two;1;138;20;221;10;138;10;0;0;1,0000000000000000;30
At292m411d324c;three;1;292;20;292;13;411;4;324;3;1,0000000000000000;30
B104f;one;2;104;6;104;6;0;0;0;0;0,4333333333333333;30
B109r;one;2;109;18;109;18;0;0;0;0;0,9333333333333333;30
B10j;one;2;10;10;10;10;0;0;0;0;0,5666666666666667;30
B110j;one;2;110;10;110;10;0;0;0;0;0,5666666666666667;30
B117a;one;2;117;1;117;1;0;0;0;0;0,0000000000000000;29
B121o;one;2;121;15;121;15;0;0;0;0;0,9000000000000000;30
B12r;one;2;12;18;12;18;0;0;0;0;0,9333333333333333;30
B130h;one;2;130;8;130;8;0;0;0;0;0,4333333333333333;30
B134j;one;2;134;10;134;10;0;0;0;0;0,6000000000000000;30
B135m;one;2;135;13;135;13;0;0;0;0;0,7666666666666667;30
B138g;one;2;138;7;138;7;0;0;0;0;0,4666666666666667;30
B141l;one;2;141;12;141;12;0;0;0;0;0,7666666666666667;30
B142p;one;2;142;16;142;16;0;0;0;0;0,9000000000000000;30
B144n;one;2;144;14;144;14;0;0;0;0;0,8000000000000000;30
B147s;one;2;147;19;147;19;0;0;0;0;0,9000000000000000;30
B14i;one;2;14;9;14;9;0;0;0;0;0,6666666666666666;30
B153d;one;2;153;4;153;4;0;0;0;0;0,0333333333333333;30
B153t;one;2;153;20;153;20;0;0;0;0;0,9666666666666667;30
B156i;one;2;156;9;156;9;0;0;0;0;0,5333333333333333;30
B158b;one;2;158;2;158;2;0;0;0;0;0,0666666666666667;30
B163g;one;2;163;7;163;7;0;0;0;0;0,5333333333333333;30
B169s;one;2;169;19;169;19;0;0;0;0;0,9333333333333333;30
B16c;one;2;16;3;16;3;0;0;0;0;0,0666666666666667;30
B171d;one;2;171;4;171;4;0;0;0;0;0,3666666666666666;30
B175n;one;2;175;14;175;14;0;0;0;0;0,8666666666666667;30
B181j;one;2;181;10;181;10;0;0;0;0;0,7000000000000000;30
B183p;one;2;183;16;183;16;0;0;0;0;0,9000000000000000;30
B188b;one;2;188;2;188;2;0;0;0;0;0,1034482758620690;29
B18s;one;2;18;19;18;19;0;0;0;0;0,9666666666666667;30
B192q;one;2;192;17;192;17;0;0;0;0;0,9666666666666667;30
B193b;one;2;193;2;193;2;0;0;0;0;0,1000000000000000;30
B197r;one;2;197;18;197;18;0;0;0;0;0,9333333333333333;30
B201k;one;2;201;11;201;11;0;0;0;0;0,8000000000000000;30
B202n;one;2;202;14;202;14;0;0;0;0;0,9000000000000000;30
B211p;one;2;211;16;211;16;0;0;0;0;0,9666666666666667;30
B219g;one;2;219;7;219;7;0;0;0;0;0,5666666666666667;30
B221e;one;2;221;5;221;5;0;0;0;0;0,3000000000000000;30
B223m;one;2;223;13;223;13;0;0;0;0;0,7333333333333333;30
B225l;one;2;225;12;225;12;0;0;0;0;0,7333333333333333;30
B231b;one;2;231;2;231;2;0;0;0;0;0,0333333333333333;30
B233s;one;2;233;19;233;19;0;0;0;0;0,9000000000000000;30
B239r;one;2;239;18;239;18;0;0;0;0;0,9666666666666667;30
B23b;one;2;23;2;23;2;0;0;0;0;0,0333333333333333;30
B247o;one;2;247;15;247;15;0;0;0;0;0,9000000000000000;30
B253e;one;2;253;5;253;5;0;0;0;0;0,3000000000000000;30
B259m;one;2;259;13;259;13;0;0;0;0;0,9354838709677419;31
B263h;one;2;263;8;263;8;0;0;0;0;0,5000000000000000;30
B263j;one;2;263;10;263;10;0;0;0;0;0,5333333333333333;30
B265q;one;2;265;17;265;17;0;0;0;0;1,0000000000000000;30
B267k;one;2;267;11;267;11;0;0;0;0;0,7000000000000000;30
B270t;one;2;270;20;270;20;0;0;0;0;1,0000000000000000;30
B271f;one;2;271;6;271;6;0;0;0;0;0,7333333333333333;30
B275a;one;2;275;1;275;1;0;0;0;0;0,0000000000000000;30
B279p;one;2;279;16;279;16;0;0;0;0;1,0000000000000000;30
B27s;one;2;27;19;27;19;0;0;0;0;0,9666666666666667;30
B281i;one;2;281;9;281;9;0;0;0;0;0,6666666666666666;30
B282q;one;2;282;17;282;17;0;0;0;0;0,9000000000000000;30
B287c;one;2;287;3;287;3;0;0;0;0;0,1333333333333333;30
B289o;one;2;289;15;289;15;0;0;0;0;0,9333333333333333;30
B289t;one;2;289;20;289;20;0;0;0;0;0,9666666666666667;30
B293n;one;2;293;14;293;14;0;0;0;0;0,7333333333333333;30
B301g;one;2;301;7;301;7;0;0;0;0;0,3666666666666666;30
B303p;one;2;303;16;303;16;0;0;0;0;0,9333333333333333;30
B306o;one;2;306;15;306;15;0;0;0;0;0,9666666666666667;30
B308i;one;2;308;9;308;9;0;0;0;0;0,7333333333333333;30
B308s;one;2;308;19;308;19;0;0;0;0;0,9666666666666667;30
B30p;one;2;30;16;30;16;0;0;0;0;0,9666666666666667;30
B311j;one;2;311;10;311;10;0;0;0;0;0,8000000000000000;30
B316s;one;2;316;19;316;19;0;0;0;0;1,0000000000000000;30
B319d;one;2;319;4;319;4;0;0;0;0;0,2333333333333333;30
B320q;one;2;320;17;320;17;0;0;0;0;0,9666666666666667;30
B323f;one;2;323;6;323;6;0;0;0;0;0,4666666666666667;30
B327b;one;2;327;2;327;2;0;0;0;0;0,0000000000000000;30
B32e;one;2;32;5;32;5;0;0;0;0;0,2666666666666667;30
B339h;one;2;339;8;339;8;0;0;0;0;0,6666666666666666;30
B342d;one;2;342;4;342;4;0;0;0;0;0,2333333333333333;30
B343n;one;2;343;14;343;14;0;0;0;0;0,7714285714285715;35
B350r;one;2;350;18;350;18;0;0;0;0;1,0000000000000000;30
B354p;one;2;354;16;354;16;0;0;0;0;0,8666666666666667;30
B35f;one;2;35;6;35;6;0;0;0;0;0,4333333333333333;30
B360k;one;2;360;11;360;11;0;0;0;0;0,8666666666666667;30
B361r;one;2;361;18;361;18;0;0;0;0;0,9333333333333333;30
B362o;one;2;362;15;362;15;0;0;0;0;0,8666666666666667;30
B3h;one;2;3;8;3;8;0;0;0;0;0,5000000000000000;30
B40q;one;2;40;17;40;17;0;0;0;0;0,9000000000000000;30
B47g;one;2;47;7;47;7;0;0;0;0;0,5000000000000000;30
B51o;one;2;51;15;51;15;0;0;0;0;0,9000000000000000;30
B53d;one;2;53;4;53;4;0;0;0;0;0,3333333333333333;30
B53n;one;2;53;14;53;14;0;0;0;0;0,9000000000000000;30
B56g;one;2;56;7;56;7;0;0;0;0;0,5172413793103449;29
B5o;one;2;5;15;5;15;0;0;0;0;0,8333333333333334;30
B65n;one;2;65;14;65;14;0;0;0;0;0,9000000000000000;30
B67q;one;2;67;17;67;17;0;0;0;0;0,9333333333333333;30
B76s;one;2;76;19;76;19;0;0;0;0;0,9333333333333333;30
B80r;one;2;80;18;80;18;0;0;0;0;1,0000000000000000;30
B82d;one;2;82;4;82;4;0;0;0;0;0,3000000000000000;30
B87n;one;2;87;14;87;14;0;0;0;0;0,9000000000000000;30
B91j;one;2;91;10;91;10;0;0;0;0;0,7000000000000000;30
B95p;one;2;95;16;95;16;0;0;0;0;1,0000000000000000;30
B98b;one;2;98;2;98;2;0;0;0;0;0,0666666666666667;30
Bb116a255a;two;2;116;2;116;1;255;1;0;0;0,0666666666666667;30
Bb255a220a;two;2;220;2;255;1;220;1;0;0;0,0666666666666667;30
Bb290a662a;two;2;290;2;290;1;662;1;0;0;0,0000000000000000;30
Bb307a89a;two;2;89;2;307;1;89;1;0;0;0,0333333333333333;30
Bc101a383b;two;2;101;3;101;1;383;2;0;0;0,1000000000000000;30
Bc102b656a;two;2;102;3;102;2;656;1;0;0;0,0666666666666667;30
Bc117a255a721a;three;2;117;3;117;1;255;1;721;1;0,0344827586206897;29
Bc173a207a245a;three;2;173;3;173;1;207;1;245;1;0,0333333333333333;30
Bc243b540a;two;2;243;3;243;2;540;1;0;0;0,0666666666666667;30
Bc254a221a602a;three;2;221;3;254;1;221;1;602;1;0,1333333333333333;30
Bc320a122a492a;three;2;122;3;320;1;122;1;492;1;0,1666666666666667;30
Bd100a381b42a;three;2;42;4;100;1;381;2;42;1;0,1333333333333333;30
Bd102a655b668a;three;2;102;4;102;1;655;2;668;1;0,1333333333333333;30
Bd138a332c;two;2;138;4;138;1;332;3;0;0;0,3333333333333333;30
Bd153a121c;two;2;121;4;153;1;121;3;0;0;0,1000000000000000;30
Bd213b574b;two;2;213;4;213;2;574;2;0;0;0,2000000000000000;30
Bd243a723b421a;three;2;243;4;243;1;723;2;421;1;0,2000000000000000;30
Bd324a494c;two;2;324;4;324;1;494;3;0;0;0,2666666666666667;30
Bd346c413a;two;2;346;4;346;3;413;1;0;0;0,2000000000000000;30
Bd37c176a;two;2;37;4;37;3;176;1;0;0;0,1666666666666667;30
Bd83a658c;two;2;83;4;83;1;658;3;0;0;0,1666666666666667;30
Be121b271c;two;2;121;5;121;2;271;3;0;0;0,3666666666666666;30
Be212b576b76a;three;2;76;5;212;2;576;2;76;1;0,3000000000000000;30
Be226a233b273b;three;2;226;5;226;1;233;2;273;2;0,3666666666666666;30
Be232a632d;two;2;232;5;232;1;632;4;0;0;0,4000000000000000;30
Be324a494b619b;three;2;324;5;324;1;494;2;619;2;0,3000000000000000;30
Be345a415b149b;three;2;149;5;345;1;415;2;149;2;0,3000000000000000;30
Be37a174b389b;three;2;37;5;37;1;174;2;389;2;0,2666666666666667;30
Be53a503b556b;three;2;53;5;53;1;503;2;556;2;0,2333333333333333;30
Be67a348b339b;three;2;67;5;67;1;348;2;339;2;0,3000000000000000;30
Be67d347a;two;2;67;5;67;4;347;1;0;0;0,3666666666666666;30
Be72a451d;two;2;72;5;72;1;451;4;0;0;0,1666666666666667;30
Be83b472b586a;three;2;83;5;83;2;472;2;586;1;0,2333333333333333;30
Bf121c627b517a;three;2;121;6;121;3;627;2;517;1;0,2000000000000000;30
Bf166a511e;two;2;166;6;166;1;511;5;0;0;0,4333333333333333;30
Bf183e476a;two;2;183;6;183;5;476;1;0;0;0,1666666666666667;30
Bf184a476c310b;three;2;184;6;184;1;476;3;310;2;0,3000000000000000;30
Bf193e113a;two;2;113;6;193;5;113;1;0;0;0,3333333333333333;30
Bf230a635c438b;three;2;230;6;230;1;635;3;438;2;0,4000000000000000;30
Bf245c15c;two;2;15;6;245;3;15;3;0;0;0,3000000000000000;30
Bf282a309e;two;2;282;6;282;1;309;5;0;0;0,5000000000000000;30
Bf362a453c577b;three;2;362;6;362;1;453;3;577;2;0,3666666666666666;30
Bf65a44e;two;2;44;6;65;1;44;5;0;0;0,3000000000000000;30
Bg107f149a;two;2;107;7;107;6;149;1;0;0;0,4333333333333333;30
Bg11c214d;two;2;11;7;11;3;214;4;0;0;0,4333333333333333;30
Bg142f107a;two;2;107;7;142;6;107;1;0;0;0,3000000000000000;30
Bg169b519e;two;2;169;7;169;2;519;5;0;0;0,3000000000000000;30
Bg194a113c61c;three;2;61;7;194;1;113;3;61;3;0,5333333333333333;30
Bg245c12b288b;three;2;12;7;245;3;12;2;288;2;0,4333333333333333;30
Bg260b243e;two;2;243;7;260;2;243;5;0;0;0,4666666666666667;30
Bg282a308c45c;three;2;45;7;282;1;308;3;45;3;0,4000000000000000;30
Bg284e271b;two;2;271;7;284;5;271;2;0;0;0,5000000000000000;30
Bg66a300c86c;three;2;66;7;66;1;300;3;86;3;0,5000000000000000;30
Bh108d46d;two;2;46;8;108;4;46;4;0;0;0,4666666666666667;30
Bh141a110d133c;three;2;110;8;141;1;110;4;133;3;0,5000000000000000;30
Bh182d49d;two;2;49;8;182;4;49;4;0;0;0,6333333333333333;30
Bh237c216c36b;three;2;36;8;237;3;216;3;36;2;0,4666666666666667;30
Bh260c243c604b;three;2;243;8;260;3;243;3;604;2;0,5333333333333333;30
Bh279g334a;two;2;279;8;279;7;334;1;0;0;0,6333333333333333;30
Bh283a271d628c;three;2;271;8;283;1;271;4;628;3;0,3666666666666666;30
Bh296b469f;two;2;296;8;296;2;469;6;0;0;0,4666666666666667;30
Bh343f623b;two;2;343;8;343;6;623;2;0;0;0,7000000000000000;30
Bh45e19c;two;2;19;8;45;5;19;3;0;0;0,5333333333333333;30
Bh46a198d563c;three;2;46;8;46;1;198;4;563;3;0,4666666666666667;30
Bh6a621d294c;three;2;6;8;6;1;621;4;294;3;0,5333333333333333;30
Bh75a200g;two;2;75;8;75;1;200;7;0;0;0,4333333333333333;30
Bh87g293a;two;2;87;8;87;7;293;1;0;0;0,5333333333333333;30
Bh8d442d;two;2;8;8;8;4;442;4;0;0;0,7000000000000000;30
Bi109d46c451b;three;2;46;9;109;4;46;3;451;2;0,4333333333333333;30
Bi133c31c687c;three;2;31;9;133;3;31;3;687;3;0,4827586206896552;29
Bi144e616b53b;three;2;53;9;144;5;616;2;53;2;0,4000000000000000;30
Bi144e616d;two;2;144;9;144;5;616;4;0;0;0,4666666666666667;30
Bi155a695h;two;2;155;9;155;1;695;8;0;0;0,6000000000000000;30
Bi182e52b298b;three;2;52;9;182;5;52;2;298;2;0,5666666666666667;30
Bi209g722b;two;2;209;9;209;7;722;2;0;0;0,6666666666666666;30
Bi210a722e434c;three;2;210;9;210;1;722;5;434;3;0,6666666666666666;30
Bi216a248h;two;2;216;9;216;1;248;8;0;0;0,7000000000000000;30
Bi278a336e456c;three;2;278;9;278;1;336;5;456;3;0,7000000000000000;30
Bi295b673d582c;three;2;295;9;295;2;673;4;582;3;0,6333333333333333;30
Bi347a96e10c;three;2;10;9;347;1;96;5;10;3;0,5000000000000000;30
Bi348g96b;two;2;96;9;348;7;96;2;0;0;0,6000000000000000;30
Bi353f716b429a;three;2;353;9;353;6;716;2;429;1;0,7000000000000000;30
Bi82f716c;two;2;82;9;82;6;716;3;0;0;0,4000000000000000;30
Bi88a290e38c;three;2;38;9;88;1;290;5;38;3;0,4333333333333333;30
Bi8e445b326b;three;2;8;9;8;5;445;2;326;2;0,6666666666666666;30
Bj155a403e256d;three;2;155;10;155;1;403;5;256;4;0,7333333333333333;30
Bj198a506e499d;three;2;198;10;198;1;506;5;499;4;0,6333333333333333;30
Bj215a247e694d;three;2;215;10;215;1;247;5;694;4;0,6666666666666666;30
Bj240c81g;two;2;81;10;240;3;81;7;0;0;0,4666666666666667;30
Bj30d338c109c;three;2;30;10;30;4;338;3;109;3;0,8333333333333334;30
Bj358f83d;two;2;83;10;358;6;83;4;0;0;0,6000000000000000;30
Bj3g603c;two;2;3;10;3;7;603;3;0;0;0,6333333333333333;30
Bk136j650a;two;2;136;11;136;10;650;1;0;0;0,7333333333333333;30
Bk185j6a;two;2;6;11;185;10;6;1;0;0;0,7000000000000000;30
Bk19c626h;two;2;19;11;19;3;626;8;0;0;0,6333333333333333;30
Bk20c269e726c;three;2;20;11;20;3;269;5;726;3;0,6666666666666666;30
Bk241a78f468d;three;2;78;11;241;1;78;6;468;4;0,6000000000000000;30
Bk267c601e170c;three;2;170;11;267;3;601;5;170;3;0,7333333333333333;30
Bk296c546h;two;2;296;11;296;3;546;8;0;0;0,6333333333333333;30
Bk297a545f184d;three;2;184;11;297;1;545;6;184;4;0,6666666666666666;30
Bk305c229e544c;three;2;229;11;305;3;229;5;544;3;0,6000000000000000;30
Bk315b189i;two;2;189;11;315;2;189;9;0;0;0,6333333333333333;30
Bk341a550f220d;three;2;220;11;341;1;550;6;220;4;0,6333333333333333;30
Bk361a649f257d;three;2;257;11;361;1;649;6;257;4;0,7333333333333333;30
Bk3h603b351a;three;2;3;11;3;8;603;2;351;1;0,9000000000000000;30
Bk60a446f534d;three;2;60;11;60;1;446;6;534;4;0,6666666666666666;30
Bl131a293f575e;three;2;131;12;131;1;293;6;575;5;0,8000000000000000;30
Bl131k294a;two;2;131;12;131;11;294;1;0;0;0,7666666666666667;30
Bl139a332f3e;three;2;3;12;139;1;332;6;3;5;0,8333333333333334;30
Bl280b666j;two;2;280;12;280;2;666;10;0;0;0,6666666666666666;30
Bl315b190f105d;three;2;105;12;315;2;190;6;105;4;0,8333333333333334;30
Bl317i488c;two;2;317;12;317;9;488;3;0;0;0,7000000000000000;30
Bl355e420g;two;2;355;12;355;5;420;7;0;0;0,7666666666666667;30
Bl56a563k;two;2;56;12;56;1;563;11;0;0;0,6666666666666666;30
Bm149h578e;two;2;149;13;149;8;578;5;0;0;0,6000000000000000;30
Bm149h580c13b;three;2;13;13;149;8;580;3;13;2;0,7333333333333333;30
Bm17e208h;two;2;17;13;17;5;208;8;0;0;0,7666666666666667;30
Bm23a393g227e;three;2;23;13;23;1;393;7;227;5;0,8000000000000000;30
Bm23k394b;two;2;23;13;23;11;394;2;0;0;0,8333333333333334;30
Bm307h518c661b;three;2;307;13;307;8;518;3;661;2;0,9666666666666667;30
Bm307l516a;two;2;307;13;307;12;516;1;0;0;0,8333333333333334;30
Bm309i304b68b;three;2;68;13;309;9;304;2;68;2;0,7586206896551724;29
Bm310i304d;two;2;304;13;310;9;304;4;0;0;0,8333333333333334;30
Bm317j486b635a;three;2;317;13;317;10;486;2;635;1;0,8000000000000000;30
Bm56a563g83e;three;2;56;13;56;1;563;7;83;5;0,6666666666666666;30
Bn137a607g32f;three;2;32;14;137;1;607;7;32;6;0,7333333333333333;30
Bn229a96m;two;2;96;14;229;1;96;13;0;0;0,8333333333333334;30
Bn305a91g441f;three;2;91;14;305;1;91;7;441;6;0,7666666666666667;30
Bn321f123h;two;2;123;14;321;6;123;8;0;0;0,8666666666666667;30
Bn333h421c142c;three;2;142;14;333;8;421;3;142;3;0,8333333333333334;30
Bn333h670f;two;2;333;14;333;8;670;6;0;0;0,9000000000000000;30
Bn357a10g488f;three;2;10;14;357;1;10;7;488;6;0,7333333333333333;30
Bn357a473m;two;2;357;14;357;1;473;13;0;0;0,8000000000000000;30
Bn51l729b;two;2;51;14;51;12;729;2;0;0;0,9000000000000000;30
Bn52a729g114f;three;2;52;14;52;1;729;7;114;6;0,6333333333333333;30
Bn64i83c173b;three;2;64;14;64;9;83;3;173;2;0,8000000000000000;30
Bn65i467e;two;2;65;14;65;9;467;5;0;0;0,9333333333333333;30
Bn77l26b;two;2;26;14;77;12;26;2;0;0;0,8333333333333334;30
Bn89a4m;two;2;4;14;89;1;4;13;0;0;0,7333333333333333;30
Bn90a281g355f;three;2;90;14;90;1;281;7;355;6;0,8666666666666667;30
Bo145b582g673f;three;2;145;15;145;2;582;7;673;6;0,7333333333333333;30
Bo146b581m;two;2;146;15;146;2;581;13;0;0;0,8333333333333334;30
Bo230a95h145f;three;2;95;15;230;1;95;8;145;6;0,9333333333333333;30
Bo251h216d50c;three;2;50;15;251;8;216;4;50;3;0,9000000000000000;30
Bo252n217a;two;2;217;15;252;14;217;1;0;0;0,9333333333333333;30
Bo261b60m;two;2;60;15;261;2;60;13;0;0;0,7666666666666667;30
Bo265g156h;two;2;156;15;265;7;156;8;0;0;0,8000000000000000;30
Bo270k480b636b;three;2;270;15;270;11;480;2;636;2;0,9333333333333333;30
Bo289g663e7c;three;2;7;15;289;7;663;5;7;3;0,8000000000000000;30
Bo319l203c;two;2;203;15;319;12;203;3;0;0;0,8333333333333334;30
Bo77a407h30f;three;2;30;15;77;1;407;8;30;6;0,8000000000000000;30
Bp159b55n;two;2;55;16;159;2;55;14;0;0;0,8666666666666667;30
Bp159j53c479c;three;2;53;16;159;10;53;3;479;3;0,8666666666666667;30
Bp15j115f;two;2;15;16;15;10;115;6;0;0;0,9666666666666667;30
Bp228i711g;two;2;228;16;228;9;711;7;0;0;0,7666666666666667;30
Bp319a203h158g;three;2;158;16;319;1;203;8;158;7;0,9000000000000000;30
Bp41g653i;two;2;41;16;41;7;653;9;0;0;0,7000000000000000;30
Bp43g651e550d;three;2;43;16;43;7;651;5;550;4;0,7333333333333333;30
Bq113d362g198f;three;2;113;17;113;4;362;7;198;6;0,8666666666666667;30
Bq114d364m;two;2;114;17;114;4;364;13;0;0;0,9000000000000000;30
Bq14k114c566c;three;2;14;17;14;11;114;3;566;3;0,9333333333333333;30
Bq161i40h;two;2;40;17;161;9;40;8;0;0;0,9666666666666667;30
Bq173k319f;two;2;173;17;173;11;319;6;0;0;0,7666666666666667;30
Bq178h703e371d;three;2;178;17;178;8;703;5;371;4;0,8333333333333334;30
Bq198n505c;two;2;198;17;198;14;505;3;0;0;0,8666666666666667;30
Bq208a56i559g;three;2;56;17;208;1;56;9;559;7;0,9000000000000000;30
Bq216c559n;two;2;216;17;216;3;559;14;0;0;0,8666666666666667;30
Bq228j593d707c;three;2;228;17;228;10;593;4;707;3;0,7931034482758621;29
Bq26g239f209d;three;2;26;17;26;7;239;6;209;4;0,9666666666666667;30
Bq27c561h375f;three;2;27;17;27;3;561;8;375;6;0,8333333333333334;30
Bq44i41e369c;three;2;41;17;44;9;41;5;369;3;0,9333333333333333;30
Bq70a390p;two;2;70;17;70;1;390;16;0;0;0,8666666666666667;30
Bq70h390e606d;three;2;70;17;70;8;390;5;606;4;0,8666666666666667;30
Br137o610c;two;2;137;18;137;15;610;3;0;0;0,8333333333333334;30
Br160k667d182c;three;2;160;18;160;11;667;4;182;3;0,8666666666666667;30
Br170o169b191a;three;2;169;18;170;15;169;2;191;1;0,9000000000000000;30
Br172o165c;two;2;165;18;172;15;165;3;0;0;0,9000000000000000;30
Br217d192h691f;three;2;192;18;217;4;192;8;691;6;0,9333333333333333;30
Br27d192n;two;2;27;18;27;4;192;14;0;0;0,9333333333333333;30
Br359k468d234c;three;2;234;18;359;11;468;4;234;3;0,9666666666666667;30
Br54k171g;two;2;54;18;54;11;171;7;0;0;1,0000000000000000;30
Bs154b120j264g;three;2;120;19;154;2;120;10;264;7;0,8666666666666667;30
Bs196g471g661e;three;2;196;19;196;7;471;7;661;5;0,9666666666666667;30
Bs197g672l;two;2;197;19;197;7;672;12;0;0;0,8333333333333334;30
Bs262c428i477g;three;2;262;19;262;3;428;9;477;7;0,9666666666666667;30
Bs264f162g417f;three;2;162;19;264;6;162;7;417;6;0,9666666666666667;30
Bs264f162m;two;2;162;19;264;6;162;13;0;0;1,0000000000000000;30
Bs287k591h;two;2;287;19;287;11;591;8;0;0;0,9666666666666667;30
Bs288k591e362c;three;2;288;19;288;11;591;5;362;3;0,8000000000000000;30
Bs305e230n;two;2;230;19;305;5;230;14;0;0;1,0000000000000000;30
Bs327g25g396e;three;2;25;19;327;7;25;7;396;5;0,9333333333333333;30
Bs328g406l;two;2;328;19;328;7;406;12;0;0;1,0000000000000000;30
Bs55a169j311h;three;2;55;19;55;1;169;10;311;8;0,9666666666666667;30
Bt185a522k315h;three;2;185;20;185;1;522;11;315;8;1,0000000000000000;30
Bt256g438g464f;three;2;256;20;256;7;438;7;464;6;0,9666666666666667;30
Bt257g435m;two;2;257;20;257;7;435;13;0;0;0,9666666666666667;30
Bt270o481e;two;2;270;20;270;15;481;5;0;0;1,0000000000000000;30
Bt28h405l;two;2;28;20;28;8;405;12;0;0;1,0000000000000000;30
